fs3unu,cohort-S1-1
pt6rpf,cohort-S1-1
tz6rz,cohort-S1-1
yz4xy,cohort-S1-1
jt9de,cohort-S1-1
iml7uk,cohort-S1-2
apg2fds,cohort-S1-2
btl9zu,cohort-S1-2
zzhc5as,cohort-S1-2
wcb8ze,cohort-S1-2
dba4s,cohort-S1-3
ms2vx,cohort-S1-3
rms8ry,cohort-S1-3
afs2gvu,cohort-S1-3
gsm2ju,cohort-S1-4
hby3ed,cohort-S1-4
ykd3rd,cohort-S1-4
0,cohort-S1-4
0,cohort-S1-5
jam5cq,cohort-S1-5
mgy5xu,cohort-S1-5
scs9hs,cohort-S1-5
cmq2wp,cohort-S1-6
kem6ur,cohort-S1-6
kn4xth,cohort-S1-6
sp6vkw,cohort-S1-6
as7mbh,cohort-S1-7
jrd7ny,cohort-S1-7
jtn5rb,cohort-S1-7
pjv7nd,cohort-S1-7
mja3vt,cohort-S1-7
sk2hsv,cohort-S1-8
tg4znf,cohort-S1-8
ttt8ymk,cohort-S1-8
ys2hv,cohort-S1-8
ght4esb,cohort-S1-9
mmk2dpy,cohort-S1-9
nem2pq,cohort-S1-9
0,cohort-S1-9
af9pn,cohort-S1-10
jh3wss,cohort-S1-10
tr9kqr,cohort-S1-10
0,cohort-S1-10
0,cohort-S1-10
el2auj,cohort-S1-11
gs8ckb,cohort-S1-11
kis7vh,cohort-S1-11
0,cohort-S1-11
jlk2pac,cohort-S1-12
vm8ufh,cohort-S1-12
ll5edw,cohort-S1-12
rc8kt,cohort-S1-12
alk3tr,cohort-S1-13
jcb8zrd,cohort-S1-13
zl5bf,cohort-S1-13
0,cohort-S1-13
0,cohort-S1-13
ccb6sg,cohort-S1-14
mkk8zg,cohort-S1-14
ms3wcw,cohort-S1-14
rd7bk,cohort-S1-14
xz5xmc,cohort-S1-14
arf3dg,cohort-S1-15
bbp5ut,cohort-S1-15
fcm8jm,cohort-S1-15
lm4fmv,cohort-S1-15
msm8key,cohort-S1-16
sc4rdz,cohort-S1-16
sdg6y,cohort-S1-16
wfl9zy,cohort-S1-16
nrh9bef,cohort-S1-17
atl9rn,cohort-S1-17
ck8es,cohort-S1-17
ctz4yj,cohort-S1-17
etr3bq,cohort-S1-18
kcg2rr,cohort-S1-18
kjb8wf,cohort-S1-18
sss4wz,cohort-S1-18
hp9psb,cohort-S1-19
mg4ccz,cohort-S1-19
tlb3eu,cohort-S1-19
wl7ydr,cohort-S1-19
asc6vtc,cohort-S1-19
css9hmn,cohort-S1-19
jlf7zh,cohort-S1-20
jww5ar,cohort-S1-20
syc3sm,cohort-S1-20
mjh3zvk,cohort-S1-20
tmd8rhq,cohort-S1-20
aaa4dpn,cohort-S1-21
aaa7sx,cohort-S1-21
kb5ux,cohort-S1-21
0,cohort-S1-21
0,cohort-S1-22
kyc4mr,cohort-S1-22
kla5rb,cohort-S1-22
tem4hr,cohort-S1-22
ea7ga,cohort-S1-23
jb7sx,cohort-S1-23
jcr7etj,cohort-S1-23
rrl3gz,cohort-S1-23
0,cohort-S1-23
ktl4rt,cohort-S1-24
zs9sb,cohort-S1-24
sz3wr,cohort-S1-24
clc5uy,cohort-S1-24
apg3xd,cohort-S1-25
jm5xx,cohort-S1-25
se4hy,cohort-S1-25
vn3qg,cohort-S1-25
as9fx,cohort-G1
gmd2ubt,cohort-G1
jsc3xw,cohort-G1
tlv4ft,cohort-G1
fro9jk,cohort-G1
asr5hy,cohort-G2
wyz5rge,cohort-G2
ab9tm,cohort-G2
gnj5apy,cohort-G2
0,cohort-G2
sl8sp,cohort-G3
mk2tc,cohort-G3
jam4cwg,cohort-G3
sra9qsw,cohort-G3
0,cohort-G3
jah9kqn,cohort-G4
gd9qhg,cohort-G4
rdm7rkm,cohort-G4
ben5wd,cohort-G4
0,cohort-G4
jdp6ttx,cohort-G5
dkb4aw,cohort-G5
am9rf,cohort-G5
gtb8xd,cohort-G5
mam2pc,cohort-G5
var2ej,cohort-G6
ac9tr,cohort-G6
0,cohort-G6
lch4et,cohort-G6
tvm2pvr,cohort-G6
hk3cu,cohort-G7
anc9uhr,cohort-G7
adm8mwh,cohort-G7
atr8ycp,cohort-G7
ac7vua,cohort-G7
0,cohort-G8
yjk6dk,cohort-G8
hda4hq,cohort-G8
mrd5ncg,cohort-G8
0,cohort-G8
dmp3wz,cohort-G9
tmb4ed,cohort-G9
efh2fz,cohort-G9
lta9vw,cohort-G9
0,cohort-G9
rmm6ts,cohort-G10
lhn2vm,cohort-G10
mgb2gr,cohort-G10
sb8mh,cohort-G10
0,cohort-G10
jmg2akg,cohort-G11
jgm3fa,cohort-G11
rcg6ek,cohort-G11
esc4st,cohort-G11
ak6xkt,cohort-G11
jcd2vh,cohort-G12
etf8mse,cohort-G12
hpp4t,cohort-G12
wtf8hu,cohort-G12
bom9arp,cohort-G12
sgh5xd,cohort-G13
hns4dc,cohort-G13
0,cohort-G13
aj2qb,cohort-G13
cdh2skd,cohort-G13
gnc7hc,cohort-G14
dc7m,cohort-G14
alh2ggp,cohort-G14
nm2eed,cohort-G14
st2gh,cohort-G14
jtb4yd,cohort-G15
krn4jc,cohort-G15
adt4qwz,cohort-G15
ay3xqa,cohort-G15
0,cohort-G15
ar9cb,cohort-G16
bms7pj,cohort-G16
dgg6b,cohort-G16
kmc6am,cohort-G16
0,cohort-G16
dl7ex,cohort-G17
ipl6uvy,cohort-G17
var6aw,cohort-G17
amj5tk,cohort-G17
0,cohort-G17
sdh7ksu,cohort-G18
ley5pv,cohort-G18
vgv9sn,cohort-G18
dau4eb,cohort-G18
sth6vy,cohort-G18
jfu2pmb,cohort-G19
pjf2vqg,cohort-G19
jac6bv,cohort-G19
dl2de,cohort-G19
rek8pp,cohort-G19
mcs6mta,cohort-G20
mtl2mr,cohort-G20
kfa4vw,cohort-G20
df4nr,cohort-G20
jmz8rm,cohort-G20
dmg9nw,cohort-G21
kah3wq,cohort-G21
ack6jqv,cohort-G21
psl2fda,cohort-G21
0,cohort-G21
mel2be,cohort-G22
chf2pn,cohort-G22
ky3dm,cohort-G22
0,cohort-G22
0,cohort-G22
mjt6vj,cohort-G23
kak9gsz,cohort-G23
mbn9mh,cohort-G23
cbr9yef,cohort-G23
sjb9qvc,cohort-G23
wkm7fy,cohort-G24
yrl3grt,cohort-G24
af3wm,cohort-G24
imh9wz,cohort-G24
kec9kjh,cohort-G24
omk2ezq,cohort-G25
sb7ej,cohort-G25
thd7jrh,cohort-G25
gs8wa,cohort-S4-1
jl9dbb,cohort-S4-1
zna7ey,cohort-S4-1
jh7gns,cohort-S4-1
aa9xu,cohort-S4-2
dms4ad,cohort-S4-2
mtf8psz,cohort-S4-2
tvh4xuk,cohort-S4-2
tjl5vmd,cohort-S4-3
kgf2ba,cohort-S4-3
ta9qz,cohort-S4-3
ss6cuf,cohort-S4-3
eyl4qaq,cohort-S4-4
haf3md,cohort-S4-4
ss5qt,cohort-S4-4
ysk6dw,cohort-S4-4
0,cohort-S4-4
cga3xyp,cohort-S4-5
eag6vm,cohort-S4-5
kpl6mmm,cohort-S4-5
tjs2dh,cohort-S4-5
0,cohort-S4-6
0,cohort-S4-6
0,cohort-S4-6
0,cohort-S4-6
ahs8gup,cohort-S4-7
jag8thv,cohort-S4-7
sm4phs,cohort-S4-7
tia4qp,cohort-S4-7
ast5jx,cohort-S4-8
kb2gg,cohort-S4-8
rtg5xkh,cohort-S4-8
srm7qjd,cohort-S4-8
lao2khq,cohort-S4-8
dem6wy,cohort-S4-9
ht4gc,cohort-S4-9
wpg6zmk,cohort-S4-9
0,cohort-S4-9
cb5th,cohort-S4-10
ncm2kjm,cohort-S4-10
rdg6dm,cohort-S4-10
smt6nv,cohort-S4-10
zyv3xph,cohort-S4-10
dem4swy,cohort-S4-11
kat6pf,cohort-S4-11
rg3pzr,cohort-S4-11
0,cohort-S4-11
vb4ztv,cohort-S4-11
ab2trz,cohort-S4-12
cm5jx,cohort-S4-12
ddt8ee,cohort-S4-12
prg7zv,cohort-S4-12
jrg3ncf,cohort-S4-13
km8zh,cohort-S4-13
sdb9jg,cohort-S4-13
st3ehn,cohort-S4-13
mjn3ctu,cohort-S4-13
ag8mp,cohort-S4-14
ewn7jtt,cohort-S4-14
kab3tu,cohort-S4-14
cok9bhr,cohort-S4-14
avb5bt,cohort-S4-15
bhn5ger,cohort-S4-15
lct4am,cohort-S4-15
0,cohort-S4-15
anb3zu,cohort-S4-16
dmt9yyh,cohort-S4-16
hkn5zmd,cohort-S4-16
mah3fw,cohort-S4-16
dt7bbu,cohort-S4-17
ah3hz,cohort-S4-17
jt8ab,cohort-S4-17
kab7em,cohort-S4-17
seh9gb,cohort-S4-17
aj3uv,cohort-S4-18
kl5sq,cohort-S4-18
ng7zw,cohort-S4-18
0,cohort-S4-18
0,cohort-S4-18
ekn3tp,cohort-S4-19
kh9yc,cohort-S4-19
nic4ud,cohort-S4-19
0,cohort-S4-19
sv3mv,cohort-S4-19
aec9fm,cohort-S4-20
jev6xc,cohort-S4-20
lro3uck,cohort-S4-20
wsh9fpu,cohort-S4-20
kjz5ape,cohort-S4-21
bro9tn,cohort-S4-21
nr2rv,cohort-S4-21
0,cohort-S4-21
ap4xz,cohort-S4-22
ceb4gnn,cohort-S4-22
kw6ds,cohort-S4-22
0,cohort-S4-22
0,cohort-S4-22
jw2az,cohort-S4-23
kyk6uj,cohort-S4-23
nc2uzv,cohort-S4-23
srp9jd,cohort-S4-23
jpp8fp,cohort-S4-24
mec5fy,cohort-S4-24
mgk5ybb,cohort-S4-24
0,cohort-S4-24
dy8qp,cohort-S4-25
jd5ce,cohort-S4-25
jhl3xn,cohort-S4-25
lcb5tz,cohort-S4-25
as8yh,cohort-S4-25
awr5df,cohort-S4-25
alj6yg,cohort-S4-26
cfk6gxr,cohort-S4-26
jzy9vf,cohort-S4-26
med6rcs,cohort-S4-26
ayw7af,cohort-S4-27
ad7mzt,cohort-S4-27
dmz6xyw,cohort-S4-27
ejr4mhs,cohort-S4-27
adl9fd,cohort-S4-28
cer5ka,cohort-S4-28
rqd3qmk,cohort-S4-28
sp5eze,cohort-S4-28
ctl9gat,cohort-S4-29
mld2eg,cohort-S4-29
mlr7wa,cohort-S4-29
0,cohort-S4-29
cmr4jw,cohort-S4-30
nhd9xp,cohort-S4-30
nyz7pau,cohort-S4-30
tym4cq,cohort-S4-30
mjb4vq,cohort-S4-31
jmn4dt,cohort-S4-31
mtl2mr,cohort-S4-31
js5dsa,cohort-S4-31
icy4r,cohort-S4-31
am8wk,cohort-S4-32
apg8hm,cohort-S4-32
mac2sje,cohort-S4-32
ssc7dvy,cohort-S4-32
ac9kf,cohort-B1
syl5fr,cohort-B1
arp3np,cohort-B1
al7gc,cohort-B1
lgz9cm,cohort-B1
cms2ryw,cohort-B2
lch7qc,cohort-B2
emz6vpr,cohort-B2
mjc3zj,cohort-B2
sem7zfj,cohort-B2
acf5whv,cohort-B3
so4tzz,cohort-B3
hhe2gnx,cohort-B3
lis4abt,cohort-B3
lkg2dev,cohort-B3
ty9tq,cohort-B4
ah3qzq,cohort-B4
jtg8se,cohort-B4
ytm9yz,cohort-B4
0,cohort-B4
dkr4sbu,cohort-B5
kk6tpv,cohort-B5
ajw6byu,cohort-B5
ctm5vjg,cohort-B5
smm7eqm,cohort-B5
an2dgq,cohort-B6
all3eq,cohort-B6
jcm2yd,cohort-B6
rjb8en,cohort-B6
akp4ujp,cohort-B6
cdg5be,cohort-B7
nad5na,cohort-B7
bjc9xss,cohort-B7
nlm3xh,cohort-B7
nt8aw,cohort-B7
amb6bu,cohort-B8
eoe8sfg,cohort-B8
naw8rc,cohort-B8
anm9qdm,cohort-B8
tgw6qx,cohort-B8
sah3tx,cohort-B9
zc5gx,cohort-B9
smr8gv,cohort-B9
sn7mq,cohort-B9
0,cohort-B9
jtl5jjn,cohort-B10
ts2nb,cohort-B10
hmf9kx,cohort-B10
0,cohort-B10
rr8rk,cohort-B10
asa4hj,cohort-B11
hgc4nu,cohort-B11
sms6ss,cohort-B11
rlq3fm,cohort-B11
bs6sxv,cohort-B11
sl8gnj,cohort-B12
sl5gcz,cohort-B12
yw9pz,cohort-B12
dz2pb,cohort-B12
wmo3tp,cohort-B12
jn7tez,cohort-B13
sjr8end,cohort-B13
vp6vcd,cohort-B13
ta6em,cohort-B13
rvi7mzk,cohort-B13
en9rcf,cohort-B14
aly3ye,cohort-B14
sl7tcu,cohort-B14
0,cohort-B14
pkc7dbu,cohort-B14
bhp4xr,cohort-B15
omm7yx,cohort-B15
jhe3s,cohort-B15
car7xv,cohort-B15
bml2ung,cohort-B15
bjb2de,cohort-B16
bsj7xxc,cohort-B16
hjm4xe,cohort-B16
ird2dpj,cohort-B16
jsp5cb,cohort-B16
gdr3xd,cohort-B17
stb5fkr,cohort-B17
mjs8xg,cohort-B17
rjp3kh,cohort-B17
tdc7mkw,cohort-B17
ash5bq,cohort-B18
sm4sa,cohort-B18
sn8kr,cohort-B18
sjk3fa,cohort-B18
csk6snj,cohort-B18
jyc9fyf,cohort-B19
emk2xnt,cohort-B19
sd2kry,cohort-B19
cem7bgg,cohort-B19
mbp4wwc,cohort-B19
ced3rq,cohort-B20
sna4wu,cohort-B20
cmo8vnv,cohort-B20
jmj6ry,cohort-B20
mtb4xmx,cohort-B20
cmb5pe,cohort-B21
cmh2rpe,cohort-B21
yya2jq,cohort-B21
kra7ejt,cohort-B21
eab7cc,cohort-B21
bb3yqy,cohort-B22
dbn5hmu,cohort-B22
ds7gt,cohort-B22
mgb2gr,cohort-B22
mb3mv,cohort-B22
coe2kgv,cohort-B23
zc3wpf,cohort-B23
ac7ncw,cohort-B23
kms6wgc,cohort-B23
ak6xbg,cohort-B23
san6yhk,cohort-B24
ahc5we,cohort-B24
fd8kxz,cohort-B24
0,cohort-B24
csh6pnf,cohort-B24
deb7jgn,cohort-B25
ljd3frf,cohort-B25
mmm4hna,cohort-B25
ltz3sg,cohort-B25
mri6hfb,cohort-B25
dk3ctu,cohort-B26
dkk8es,cohort-B26
jl8jp,cohort-B26
jss8ny,cohort-B26
xl3muv,cohort-B26
ty5tv,cohort-B27
ww7ym,cohort-B27
ebw9dn,cohort-B27
amr3gk,cohort-B27
em6pa,cohort-B27
eqn4wu,cohort-B28
ug8pqg,cohort-B28
ch9bx,cohort-B28
slb9zj,cohort-B28
ja6ue,cohort-B28
lp9by,cohort-B29
les3xk,cohort-B29
fmp7yd,cohort-B29
qaf8daw,cohort-B29
lmd3ttv,cohort-B29
eap2wq,cohort-B30
gp8cf,cohort-B30
mj2rmg,cohort-B30
krg6xwq,cohort-B30
pup8kwm,cohort-B30
hvn9qwn,cohort-B31
rs6wt,cohort-B31
kjk8bcp,cohort-B31
ars3pfp,cohort-B31
ncy2j,cohort-B31
ws5vhd,cohort-B32
mt5wjv,cohort-B32
jat4ef,cohort-B32
nrs7jxh,cohort-B32
imd3ax,cohort-B32
aea4kv,cohort-B33
jl3usu,cohort-B33
tis5yz,cohort-B33
kdb8vx,cohort-B33
jst3vh,cohort-B33
jjp2atm,cohort-B34
cas3mk,cohort-B34
kad6yrz,cohort-B34
cdn5rbg,cohort-B34
nag3nn,cohort-B34
aop2kth,cohort-B35
yc5xw,cohort-B35
mob9ce,cohort-B35
ph9aa,cohort-B35
jtc8cp,cohort-B35
aw7zj,cohort-B36
bk3xgp,cohort-B36
ekz5jf,cohort-B36
brb9ths,cohort-B36
mlt6kps,cohort-B36
pbj7bqf,cohort-B37
da7nav,cohort-B37
pr9qd,cohort-B37
ebs8xng,cohort-B37
cbc6ghd,cohort-B37
rav3sa,cohort-B38
eee4fj,cohort-B38
chm3fe,cohort-B38
jrt7ytc,cohort-B38
sg4vh,cohort-B38
ag2ns,cohort-B39
bz8dh,cohort-B39
mhe3pet,cohort-B39
re9fh,cohort-B39
tn9eer,cohort-B39
ikh6yjy,cohort-B40
ajw3ttr,cohort-B40
aj2zg,cohort-B40
am6nzu,cohort-B40
cag3dmr,cohort-B40
abb6km,cohort-B41
ajr2pc,cohort-B41
wjw8jw,cohort-B41
mcp8zq,cohort-B41
kj3vw,cohort-B41
cnd7cy,cohort-B42
0,cohort-B42
app9sm,cohort-B42
sxl2fm,cohort-B42
ocm5uu,cohort-B42
jlc9cnu,cohort-B43
ab7uf,cohort-B43
kp4urq,cohort-B43
clc3pb,cohort-B43
srw9rx,cohort-B43
awh9ce,cohort-B44
arl2tbb,cohort-B44
alb9nm,cohort-B44
dfc3ae,cohort-B44
slh6dj,cohort-B44
mw3shc,cohort-B45
jl4fsw,cohort-B45
hnl7vwd,cohort-B45
ssb3vk,cohort-B45
0,cohort-B45